,True Classification
0,Person A
1,Person A
2,Person A
3,Person A
4,Person A
5,Person A
6,Person A
7,Person A
8,Person A
9,Person A
10,Person A
11,Person A
12,Person A
13,Person A
14,Person A
15,Person A
16,Person A
17,Person A
18,Person A
19,Person A
20,Person A
21,Person A
22,Person A
23,Person A
24,Person A
25,Person A
26,Person A
27,Person A
28,Person A
29,Person A
30,Person A
31,Person A
32,Person A
33,Person A
34,Person A
35,Person A
36,Person A
37,Person A
38,Person A
39,Person A
40,Person A
41,Person A
42,Person A
43,Person A
44,Person A
45,Person A
46,Person A
47,Person A
48,Person A
49,Person A
50,Person A
51,Person A
52,Person A
53,Person A
54,Person A
55,Person A
56,Person A
57,Person A
58,Person A
59,Person A
60,Person A
61,Person A
62,Person A
63,Person A
64,Person A
65,Person A
66,Person A
67,Person A
68,Person A
69,Person A
70,Person A
71,Person A
72,Person A
73,Person A
74,Person A
75,Person A
76,Person A
77,Person A
78,Person A
79,Person A
80,Person A
81,Person A
82,Person A
83,Person A
84,Person A
85,Person A
86,Person A
87,Person A
88,Person A
89,Person A
90,Person A
91,Person A
92,Person A
93,Person A
94,Person A
95,Person A
96,Person A
97,Person A
98,Person A
99,Person A
100,Person A
101,Person A
102,Person A
103,Person A
104,Person A
105,Person A
106,Person A
107,Person A
108,Person A
109,Person A
110,Person A
111,Person A
112,Person A
113,Person A
114,Person A
115,Person A
116,Person A
117,Person A
118,Person A
119,Person A
120,Person A
121,Person A
122,Person A
123,Person A
124,Person A
125,Person A
126,Person A
127,Person A
128,Person A
129,Person A
130,Person A
131,Person A
132,Person A
133,Person A
134,Person A
135,Person A
136,Person A
137,Person A
138,Person A
139,Person A
140,Person A
141,Person A
142,Person A
143,Person A
144,Person A
145,Person A
146,Person A
147,Person A
148,Person A
149,Person A
150,Person A
151,Person A
152,Person A
153,Person A
154,Person A
155,Person A
156,Person A
157,Person A
158,Person A
159,Person A
160,Person A
161,Person A
162,Person A
163,Person A
164,Person A
165,Person A
166,Person A
167,Person A
168,Person A
169,Person A
170,Person A
171,Person A
172,Person A
173,Person A
174,Person A
175,Person A
176,Person A
177,Person A
178,Person A
179,Person A
180,Person A
181,Person A
182,Person A
183,Person A
184,Person A
185,Person A
186,Person A
187,Person A
188,Person A
189,Person A
190,Person A
191,Person A
192,Person A
193,Person A
194,Person A
195,Person A
196,Person A
197,Person A
198,Person A
199,Person A
200,Person A
201,Person A
202,Person A
203,Person A
204,Person A
205,Person A
206,Person A
207,Person A
208,Person A
209,Person A
210,Person A
211,Person A
212,Person A
213,Person A
214,Person A
215,Person A
216,Person A
217,Person A
218,Person A
219,Person A
220,Person A
221,Person A
222,Person A
223,Person A
224,Person A
225,Person A
226,Person A
227,Person A
228,Person A
229,Person A
230,Person A
231,Person A
232,Person A
233,Person A
234,Person A
235,Person A
236,Person A
237,Person A
238,Person A
239,Person A
240,Person A
241,Person A
242,Person A
243,Person A
244,Person A
245,Person A
246,Person A
247,Person A
248,Person A
249,Person A
250,Person A
251,Person A
252,Person A
253,Person A
254,Person A
255,Person A
256,Person A
257,Person A
258,Person A
259,Person A
260,Person A
261,Person A
262,Person A
263,Person A
264,Person A
265,Person A
266,Person A
267,Person A
268,Person A
269,Person A
270,Person A
271,Person A
272,Person A
273,Person A
274,Person A
275,Person A
276,Person A
277,Person A
278,Person A
279,Person A
280,Person A
281,Person A
282,Person A
283,Person A
284,Person A
285,Person A
286,Person A
287,Person A
288,Person A
289,Person A
290,Person A
291,Person A
292,Person A
293,Person A
294,Person A
295,Person A
296,Person A
297,Person A
298,Person A
299,Person A
300,Person A
301,Person A
302,Person A
303,Person A
304,Person A
305,Person A
306,Person A
307,Person A
308,Person A
309,Person A
310,Person A
311,Person A
312,Person A
313,Person A
314,Person A
315,Person A
316,Person A
317,Person A
318,Person A
319,Person A
320,Person A
321,Person A
322,Person A
323,Person A
324,Person A
325,Person A
326,Person A
327,Person A
328,Person A
329,Person A
330,Person A
331,Person A
332,Person A
333,Person A
334,Person A
335,Person A
336,Person A
337,Person A
338,Person A
339,Person A
340,Person A
341,Person A
342,Person A
343,Person A
344,Person A
345,Person A
346,Person A
347,Person A
348,Person A
349,Person A
350,Person A
351,Person A
352,Person A
353,Person A
354,Person A
355,Person A
356,Person A
357,Person A
358,Person A
359,Person A
360,Person A
361,Person A
362,Person A
363,Person A
364,Person A
365,Person A
366,Person A
367,Person A
368,Person A
369,Person A
370,Person A
371,Person A
372,Person A
373,Person A
374,Person A
375,Person A
376,Person A
377,Person A
378,Person A
379,Person A
380,Person A
381,Person A
382,Person A
383,Person A
384,Person A
385,Person A
386,Person A
387,Person A
388,Person A
389,Person A
390,Person A
391,Person A
392,Person A
393,Person A
394,Person A
395,Person A
396,Person A
397,Person A
398,Person A
399,Person A
400,Person A
401,Person A
402,Person A
403,Person A
404,Person A
405,Person A
406,Person A
407,Person A
408,Person A
0,Person B
1,Person B
2,Person B
3,Person B
4,Person B
5,Person B
6,Person B
7,Person B
8,Person B
9,Person B
10,Person B
11,Person B
12,Person B
13,Person B
14,Person B
15,Person B
16,Person B
17,Person B
18,Person B
19,Person B
20,Person B
21,Person B
22,Person B
23,Person B
24,Person B
25,Person B
26,Person B
27,Person B
28,Person B
29,Person B
30,Person B
31,Person B
32,Person B
33,Person B
34,Person B
35,Person B
36,Person B
37,Person B
38,Person B
39,Person B
40,Person B
41,Person B
42,Person B
43,Person B
44,Person B
45,Person B
46,Person B
47,Person B
48,Person B
49,Person B
50,Person B
51,Person B
52,Person B
53,Person B
54,Person B
55,Person B
56,Person B
57,Person B
58,Person B
59,Person B
60,Person B
61,Person B
62,Person B
63,Person B
64,Person B
65,Person B
66,Person B
67,Person B
68,Person B
69,Person B
70,Person B
71,Person B
72,Person B
73,Person B
74,Person B
75,Person B
76,Person B
77,Person B
78,Person B
79,Person B
80,Person B
81,Person B
82,Person B
83,Person B
84,Person B
85,Person B
86,Person B
87,Person B
88,Person B
89,Person B
90,Person B
91,Person B
92,Person B
93,Person B
94,Person B
95,Person B
96,Person B
97,Person B
98,Person B
99,Person B
100,Person B
101,Person B
102,Person B
103,Person B
104,Person B
105,Person B
106,Person B
107,Person B
108,Person B
109,Person B
110,Person B
111,Person B
112,Person B
113,Person B
114,Person B
115,Person B
116,Person B
117,Person B
118,Person B
119,Person B
120,Person B
121,Person B
122,Person B
123,Person B
124,Person B
125,Person B
126,Person B
127,Person B
128,Person B
129,Person B
130,Person B
131,Person B
132,Person B
133,Person B
134,Person B
135,Person B
136,Person B
137,Person B
138,Person B
139,Person B
140,Person B
141,Person B
142,Person B
143,Person B
144,Person B
145,Person B
146,Person B
147,Person B
148,Person B
149,Person B
150,Person B
151,Person B
152,Person B
153,Person B
154,Person B
155,Person B
156,Person B
157,Person B
158,Person B
159,Person B
160,Person B
161,Person B
162,Person B
163,Person B
164,Person B
165,Person B
166,Person B
167,Person B
168,Person B
169,Person B
170,Person B
171,Person B
172,Person B
173,Person B
174,Person B
175,Person B
176,Person B
177,Person B
178,Person B
179,Person B
180,Person B
181,Person B
182,Person B
183,Person B
184,Person B
185,Person B
186,Person B
187,Person B
188,Person B
189,Person B
190,Person B
191,Person B
192,Person B
193,Person B
194,Person B
195,Person B
196,Person B
197,Person B
198,Person B
199,Person B
200,Person B
201,Person B
202,Person B
203,Person B
204,Person B
205,Person B
206,Person B
207,Person B
208,Person B
209,Person B
210,Person B
211,Person B
212,Person B
213,Person B
214,Person B
215,Person B
216,Person B
217,Person B
218,Person B
219,Person B
220,Person B
221,Person B
222,Person B
223,Person B
224,Person B
225,Person B
226,Person B
227,Person B
228,Person B
229,Person B
230,Person B
231,Person B
232,Person B
233,Person B
234,Person B
235,Person B
236,Person B
237,Person B
238,Person B
239,Person B
240,Person B
241,Person B
242,Person B
243,Person B
244,Person B
245,Person B
246,Person B
247,Person B
248,Person B
249,Person B
250,Person B
251,Person B
252,Person B
253,Person B
254,Person B
255,Person B
256,Person B
257,Person B
258,Person B
259,Person B
260,Person B
261,Person B
262,Person B
263,Person B
264,Person B
265,Person B
266,Person B
267,Person B
268,Person B
269,Person B
270,Person B
271,Person B
272,Person B
273,Person B
274,Person B
275,Person B
276,Person B
277,Person B
278,Person B
279,Person B
280,Person B
281,Person B
282,Person B
283,Person B
284,Person B
285,Person B
286,Person B
287,Person B
288,Person B
289,Person B
290,Person B
291,Person B
292,Person B
293,Person B
294,Person B
295,Person B
296,Person B
297,Person B
298,Person B
299,Person B
300,Person B
301,Person B
302,Person B
303,Person B
304,Person B
305,Person B
306,Person B
307,Person B
308,Person B
309,Person B
310,Person B
311,Person B
312,Person B
313,Person B
314,Person B
315,Person B
316,Person B
317,Person B
318,Person B
319,Person B
320,Person B
321,Person B
322,Person B
323,Person B
324,Person B
325,Person B
326,Person B
327,Person B
328,Person B
329,Person B
330,Person B
331,Person B
332,Person B
333,Person B
334,Person B
335,Person B
336,Person B
337,Person B
338,Person B
339,Person B
340,Person B
341,Person B
342,Person B
343,Person B
344,Person B
345,Person B
346,Person B
347,Person B
348,Person B
349,Person B
350,Person B
351,Person B
352,Person B
353,Person B
354,Person B
355,Person B
356,Person B
357,Person B
358,Person B
359,Person B
360,Person B
361,Person B
362,Person B
363,Person B
364,Person B
365,Person B
366,Person B
367,Person B
368,Person B
369,Person B
370,Person B
371,Person B
372,Person B
373,Person B
374,Person B
375,Person B
376,Person B
377,Person B
378,Person B
379,Person B
380,Person B
381,Person B
382,Person B
383,Person B
384,Person B
385,Person B
386,Person B
387,Person B
388,Person B
389,Person B
390,Person B
391,Person B
392,Person B
393,Person B
394,Person B
395,Person B
396,Person B
397,Person B
398,Person B
399,Person B
400,Person B
401,Person B
402,Person B
403,Person B
404,Person B
405,Person B
406,Person B
407,Person B
408,Person B
409,Person B
410,Person B
411,Person B
412,Person B
413,Person B
414,Person B
415,Person B
416,Person B
417,Person B
418,Person B
419,Person B
420,Person B
421,Person B
422,Person B
423,Person B
424,Person B
425,Person B
426,Person B
427,Person B
428,Person B
429,Person B
430,Person B
431,Person B
432,Person B
433,Person B
434,Person B
435,Person B
436,Person B
437,Person B
438,Person B
439,Person B
440,Person B
441,Person B
442,Person B
443,Person B
444,Person B
445,Person B
446,Person B
447,Person B
448,Person B
449,Person B
450,Person B
451,Person B
452,Person B
453,Person B
454,Person B
455,Person B
456,Person B
457,Person B
458,Person B
459,Person B
460,Person B
461,Person B
462,Person B
463,Person B
464,Person B
465,Person B
466,Person B
467,Person B
468,Person B
469,Person B
470,Person B
471,Person B
472,Person B
473,Person B
474,Person B
475,Person B
476,Person B
477,Person B
478,Person B
479,Person B
480,Person B
481,Person B
482,Person B
483,Person B
484,Person B
485,Person B
486,Person B
487,Person B
488,Person B
489,Person B
490,Person B
491,Person B
492,Person B
493,Person B
494,Person B
495,Person B
496,Person B
497,Person B
498,Person B
499,Person B
500,Person B
501,Person B
502,Person B
503,Person B
504,Person B
505,Person B
506,Person B
507,Person B
508,Person B
509,Person B
510,Person B
511,Person B
512,Person B
513,Person B
514,Person B
515,Person B
516,Person B
517,Person B
518,Person B
519,Person B
520,Person B
521,Person B
522,Person B
523,Person B
524,Person B
525,Person B
526,Person B
527,Person B
528,Person B
529,Person B
530,Person B
531,Person B
532,Person B
533,Person B
534,Person B
535,Person B
536,Person B
537,Person B
538,Person B
539,Person B
540,Person B
541,Person B
542,Person B
543,Person B
544,Person B
545,Person B
546,Person B
547,Person B
548,Person B
549,Person B
550,Person B
551,Person B
552,Person B
553,Person B
554,Person B
555,Person B
556,Person B
557,Person B
558,Person B
559,Person B
560,Person B
561,Person B
562,Person B
563,Person B
564,Person B
565,Person B
566,Person B
567,Person B
568,Person B
569,Person B
570,Person B
571,Person B
572,Person B
573,Person B
574,Person B
575,Person B
576,Person B
577,Person B
578,Person B
579,Person B
580,Person B
581,Person B
582,Person B
583,Person B
584,Person B
585,Person B
586,Person B
587,Person B
588,Person B
589,Person B
590,Person B
591,Person B
592,Person B
593,Person B
594,Person B
595,Person B
596,Person B
597,Person B
598,Person B
599,Person B
600,Person B
601,Person B
602,Person B
603,Person B
604,Person B
605,Person B
606,Person B
607,Person B
608,Person B
609,Person B
610,Person B
611,Person B
612,Person B
613,Person B
614,Person B
615,Person B
616,Person B
617,Person B
618,Person B
619,Person B
620,Person B
621,Person B
622,Person B
623,Person B
624,Person B
625,Person B
626,Person B
627,Person B
628,Person B
629,Person B
630,Person B
631,Person B
632,Person B
633,Person B
634,Person B
635,Person B
636,Person B
637,Person B
638,Person B
639,Person B
640,Person B
641,Person B
642,Person B
643,Person B
644,Person B
645,Person B
646,Person B
647,Person B
648,Person B
649,Person B
650,Person B
651,Person B
652,Person B
653,Person B
654,Person B
655,Person B
656,Person B
657,Person B
658,Person B
659,Person B
660,Person B
661,Person B
662,Person B
663,Person B
664,Person B
665,Person B
666,Person B
667,Person B
668,Person B
669,Person B
670,Person B
671,Person B
672,Person B
673,Person B
674,Person B
675,Person B
676,Person B
677,Person B
678,Person B
679,Person B
680,Person B
681,Person B
682,Person B
683,Person B
684,Person B
685,Person B
686,Person B
687,Person B
688,Person B
689,Person B
690,Person B
691,Person B
692,Person B
693,Person B
694,Person B
695,Person B
696,Person B
697,Person B
698,Person B
699,Person B
700,Person B
701,Person B
702,Person B
703,Person B
704,Person B
705,Person B
706,Person B
707,Person B
708,Person B
709,Person B
710,Person B
711,Person B
712,Person B
713,Person B
714,Person B
715,Person B
716,Person B
717,Person B
718,Person B
719,Person B
720,Person B
721,Person B
722,Person B
723,Person B
724,Person B
725,Person B
726,Person B
727,Person B
728,Person B
729,Person B
730,Person B
731,Person B
732,Person B
733,Person B
734,Person B
735,Person B
736,Person B
737,Person B
738,Person B
739,Person B
740,Person B
741,Person B
742,Person B
743,Person B
744,Person B
745,Person B
746,Person B
747,Person B
748,Person B
749,Person B
750,Person B
751,Person B
752,Person B
753,Person B
754,Person B
755,Person B
756,Person B
757,Person B
758,Person B
759,Person B
760,Person B
761,Person B
762,Person B
763,Person B
764,Person B
765,Person B
766,Person B
767,Person B
768,Person B
769,Person B
770,Person B
771,Person B
772,Person B
773,Person B
774,Person B
775,Person B
776,Person B
777,Person B
778,Person B
779,Person B
780,Person B
781,Person B
782,Person B
783,Person B
784,Person B
785,Person B
786,Person B
787,Person B
788,Person B
789,Person B
790,Person B
791,Person B
792,Person B
793,Person B
794,Person B
795,Person B
796,Person B
797,Person B
798,Person B
799,Person B
800,Person B
801,Person B
802,Person B
803,Person B
804,Person B
805,Person B
806,Person B
807,Person B
808,Person B
809,Person B
810,Person B
811,Person B
812,Person B
813,Person B
814,Person B
815,Person B
816,Person B
817,Person B
818,Person B
819,Person B
820,Person B
821,Person B
822,Person B
823,Person B
824,Person B
825,Person B
826,Person B
827,Person B
828,Person B
829,Person B
830,Person B
831,Person B
832,Person B
833,Person B
834,Person B
835,Person B
836,Person B
837,Person B
838,Person B
839,Person B
840,Person B
841,Person B
842,Person B
843,Person B
844,Person B
845,Person B
846,Person B
847,Person B
848,Person B
849,Person B
850,Person B
851,Person B
852,Person B
853,Person B
854,Person B
855,Person B
856,Person B
857,Person B
858,Person B
859,Person B
860,Person B
861,Person B
862,Person B
863,Person B
864,Person B
865,Person B
866,Person B
867,Person B
868,Person B
869,Person B
870,Person B
871,Person B
872,Person B
873,Person B
874,Person B
875,Person B
876,Person B
877,Person B
878,Person B
879,Person B
880,Person B
881,Person B
882,Person B
883,Person B
884,Person B
885,Person B
886,Person B
887,Person B
888,Person B
889,Person B
890,Person B
891,Person B
892,Person B
893,Person B
894,Person B
895,Person B
896,Person B
897,Person B
898,Person B
899,Person B
900,Person B
901,Person B
902,Person B
903,Person B
904,Person B
905,Person B
906,Person B
907,Person B
908,Person B
909,Person B
910,Person B
911,Person B
912,Person B
913,Person B
914,Person B
915,Person B
916,Person B
917,Person B
918,Person B
919,Person B
920,Person B
921,Person B
922,Person B
923,Person B
924,Person B
925,Person B
926,Person B
927,Person B
928,Person B
929,Person B
930,Person B
931,Person B
932,Person B
933,Person B
934,Person B
935,Person B
936,Person B
937,Person B
938,Person B
939,Person B
940,Person B
941,Person B
942,Person B
943,Person B
944,Person B
945,Person B
946,Person B
947,Person B
948,Person B
949,Person B
950,Person B
951,Person B
952,Person B
953,Person B
954,Person B
955,Person B
956,Person B
957,Person B
958,Person B
959,Person B
960,Person B
961,Person B
962,Person B
963,Person B
964,Person B
965,Person B
966,Person B
967,Person B
968,Person B
969,Person B
970,Person B
971,Person B
972,Person B
973,Person B
974,Person B
975,Person B
976,Person B
977,Person B
978,Person B
979,Person B
980,Person B
981,Person B
982,Person B
983,Person B
984,Person B
985,Person B
986,Person B
987,Person B
988,Person B
989,Person B
990,Person B
991,Person B
992,Person B
993,Person B
994,Person B
995,Person B
996,Person B
997,Person B
998,Person B
999,Person B
1000,Person B
1001,Person B
1002,Person B
1003,Person B
1004,Person B
1005,Person B
1006,Person B
1007,Person B
1008,Person B
1009,Person B
1010,Person B
1011,Person B
1012,Person B
1013,Person B
1014,Person B
1015,Person B
1016,Person B
1017,Person B
1018,Person B
1019,Person B
1020,Person B
1021,Person B
1022,Person B
1023,Person B
1024,Person B
1025,Person B
1026,Person B
1027,Person B
1028,Person B
1029,Person B
1030,Person B
1031,Person B
1032,Person B
1033,Person B
1034,Person B
1035,Person B
1036,Person B
1037,Person B
1038,Person B
1039,Person B
1040,Person B
1041,Person B
1042,Person B
1043,Person B
1044,Person B
1045,Person B
1046,Person B
1047,Person B
1048,Person B
1049,Person B
1050,Person B
1051,Person B
1052,Person B
1053,Person B
1054,Person B
1055,Person B
1056,Person B
1057,Person B
1058,Person B
1059,Person B
1060,Person B
1061,Person B
1062,Person B
1063,Person B
1064,Person B
1065,Person B
1066,Person B
1067,Person B
1068,Person B
1069,Person B
1070,Person B
1071,Person B
1072,Person B
1073,Person B
1074,Person B
1075,Person B
1076,Person B
1077,Person B
1078,Person B
1079,Person B
1080,Person B
1081,Person B
1082,Person B
1083,Person B
1084,Person B
1085,Person B
1086,Person B
1087,Person B
1088,Person B
1089,Person B
1090,Person B
1091,Person B
1092,Person B
1093,Person B
1094,Person B
1095,Person B
1096,Person B
1097,Person B
1098,Person B
1099,Person B
1100,Person B
1101,Person B
1102,Person B
1103,Person B
1104,Person B
1105,Person B
1106,Person B
1107,Person B
1108,Person B
1109,Person B
1110,Person B
1111,Person B
1112,Person B
1113,Person B
1114,Person B
1115,Person B
1116,Person B
1117,Person B
1118,Person B
1119,Person B
1120,Person B
1121,Person B
1122,Person B
1123,Person B
1124,Person B
1125,Person B
1126,Person B
1127,Person B
1128,Person B
1129,Person B
1130,Person B
1131,Person B
1132,Person B
1133,Person B
1134,Person B
1135,Person B
1136,Person B
1137,Person B
1138,Person B
1139,Person B
1140,Person B
1141,Person B
1142,Person B
1143,Person B
1144,Person B
1145,Person B
1146,Person B
1147,Person B
1148,Person B
1149,Person B
1150,Person B
1151,Person B
1152,Person B
1153,Person B
1154,Person B
1155,Person B
1156,Person B
1157,Person B
1158,Person B
1159,Person B
1160,Person B
1161,Person B
1162,Person B
1163,Person B
1164,Person B
1165,Person B
1166,Person B
1167,Person B
1168,Person B
1169,Person B
1170,Person B
1171,Person B
1172,Person B
1173,Person B
1174,Person B
1175,Person B
1176,Person B
1177,Person B
1178,Person B
1179,Person B
1180,Person B
1181,Person B
1182,Person B
1183,Person B
1184,Person B
1185,Person B
1186,Person B
1187,Person B
1188,Person B
1189,Person B
1190,Person B
1191,Person B
1192,Person B
1193,Person B
1194,Person B
1195,Person B
1196,Person B
1197,Person B
1198,Person B
1199,Person B
1200,Person B
1201,Person B
1202,Person B
1203,Person B
1204,Person B
1205,Person B
1206,Person B
1207,Person B
1208,Person B
1209,Person B
1210,Person B
1211,Person B
1212,Person B
1213,Person B
1214,Person B
1215,Person B
1216,Person B
1217,Person B
1218,Person B
1219,Person B
1220,Person B
1221,Person B
1222,Person B
1223,Person B
1224,Person B
1225,Person B
1226,Person B
1227,Person B
1228,Person B
1229,Person B
1230,Person B
1231,Person B
1232,Person B
1233,Person B
1234,Person B
1235,Person B
1236,Person B
1237,Person B
1238,Person B
1239,Person B
1240,Person B
1241,Person B
1242,Person B
1243,Person B
1244,Person B
1245,Person B
1246,Person B
1247,Person B
1248,Person B
1249,Person B
1250,Person B
1251,Person B
1252,Person B
1253,Person B
1254,Person B
1255,Person B
1256,Person B
1257,Person B
1258,Person B
1259,Person B
1260,Person B
1261,Person B
1262,Person B
1263,Person B
1264,Person B
1265,Person B
1266,Person B
1267,Person B
1268,Person B
1269,Person B
1270,Person B
1271,Person B
1272,Person B
1273,Person B
1274,Person B
1275,Person B
1276,Person B
1277,Person B
1278,Person B
1279,Person B
1280,Person B
1281,Person B
1282,Person B
1283,Person B
1284,Person B
1285,Person B
1286,Person B
1287,Person B
1288,Person B
1289,Person B
1290,Person B
1291,Person B
1292,Person B
1293,Person B
1294,Person B
1295,Person B
1296,Person B
1297,Person B
1298,Person B
1299,Person B
1300,Person B
1301,Person B
1302,Person B
1303,Person B
1304,Person B
1305,Person B
1306,Person B
1307,Person B
1308,Person B
1309,Person B
1310,Person B
1311,Person B
1312,Person B
1313,Person B
1314,Person B
1315,Person B
1316,Person B
1317,Person B
1318,Person B
1319,Person B
1320,Person B
1321,Person B
1322,Person B
1323,Person B
1324,Person B
1325,Person B
1326,Person B
1327,Person B
1328,Person B
1329,Person B
1330,Person B
1331,Person B
1332,Person B
1333,Person B
1334,Person B
1335,Person B
1336,Person B
1337,Person B
1338,Person B
1339,Person B
1340,Person B
1341,Person B
1342,Person B
1343,Person B
1344,Person B
1345,Person B
1346,Person B
1347,Person B
1348,Person B
1349,Person B
1350,Person B
1351,Person B
1352,Person B
1353,Person B
1354,Person B
1355,Person B
1356,Person B
1357,Person B
1358,Person B
1359,Person B
1360,Person B
1361,Person B
1362,Person B
1363,Person B
1364,Person B
1365,Person B
1366,Person B
1367,Person B
1368,Person B
1369,Person B
1370,Person B
1371,Person B
1372,Person B
1373,Person B
1374,Person B
1375,Person B
1376,Person B
1377,Person B
1378,Person B
1379,Person B
1380,Person B
1381,Person B
1382,Person B
1383,Person B
1384,Person B
1385,Person B
1386,Person B
1387,Person B
1388,Person B
1389,Person B
1390,Person B
1391,Person B
1392,Person B
1393,Person B
1394,Person B
1395,Person B
1396,Person B
1397,Person B
1398,Person B
1399,Person B
1400,Person B
1401,Person B
1402,Person B
1403,Person B
1404,Person B
1405,Person B
1406,Person B
1407,Person B
1408,Person B
1409,Person B
1410,Person B
1411,Person B
1412,Person B
1413,Person B
1414,Person B
1415,Person B
1416,Person B
1417,Person B
1418,Person B
1419,Person B
1420,Person B
1421,Person B
1422,Person B
1423,Person B
1424,Person B
1425,Person B
1426,Person B
1427,Person B
1428,Person B
1429,Person B
1430,Person B
1431,Person B
1432,Person B
1433,Person B
1434,Person B
1435,Person B
1436,Person B
1437,Person B
1438,Person B
1439,Person B
1440,Person B
1441,Person B
1442,Person B
1443,Person B
1444,Person B
1445,Person B
1446,Person B
1447,Person B
1448,Person B
1449,Person B
1450,Person B
1451,Person B
1452,Person B
1453,Person B
1454,Person B
1455,Person B
1456,Person B
1457,Person B
1458,Person B
1459,Person B
1460,Person B
1461,Person B
1462,Person B
1463,Person B
1464,Person B
1465,Person B
1466,Person B
1467,Person B
1468,Person B
1469,Person B
1470,Person B
1471,Person B
1472,Person B
1473,Person B
1474,Person B
1475,Person B
1476,Person B
1477,Person B
1478,Person B
1479,Person B
1480,Person B
1481,Person B
1482,Person B
1483,Person B
1484,Person B
1485,Person B
1486,Person B
1487,Person B
1488,Person B
1489,Person B
1490,Person B
1491,Person B
1492,Person B
1493,Person B
1494,Person B
1495,Person B
1496,Person B
1497,Person B
1498,Person B
1499,Person B
1500,Person B
1501,Person B
1502,Person B
1503,Person B
1504,Person B
1505,Person B
1506,Person B
1507,Person B
1508,Person B
1509,Person B
1510,Person B
1511,Person B
1512,Person B
1513,Person B
1514,Person B
1515,Person B
1516,Person B
1517,Person B
1518,Person B
1519,Person B
1520,Person B
1521,Person B
1522,Person B
1523,Person B
1524,Person B
1525,Person B
1526,Person B
1527,Person B
1528,Person B
1529,Person B
1530,Person B
1531,Person B
1532,Person B
1533,Person B
1534,Person B
1535,Person B
1536,Person B
1537,Person B
1538,Person B
1539,Person B
1540,Person B
1541,Person B
1542,Person B
1543,Person B
1544,Person B
1545,Person B
1546,Person B
1547,Person B
1548,Person B
1549,Person B
1550,Person B
1551,Person B
1552,Person B
1553,Person B
1554,Person B
1555,Person B
1556,Person B
1557,Person B
1558,Person B
1559,Person B
1560,Person B
1561,Person B
1562,Person B
1563,Person B
1564,Person B
1565,Person B
1566,Person B
1567,Person B
1568,Person B
1569,Person B
1570,Person B
1571,Person B
1572,Person B
1573,Person B
1574,Person B
1575,Person B
1576,Person B
1577,Person B
1578,Person B
1579,Person B
1580,Person B
1581,Person B
1582,Person B
1583,Person B
1584,Person B
1585,Person B
1586,Person B
1587,Person B
1588,Person B
1589,Person B
1590,Person B
1591,Person B
1592,Person B
1593,Person B
1594,Person B
1595,Person B
1596,Person B
1597,Person B
1598,Person B
1599,Person B
1600,Person B
1601,Person B
1602,Person B
1603,Person B
1604,Person B
1605,Person B
1606,Person B
1607,Person B
1608,Person B
1609,Person B
1610,Person B
1611,Person B
1612,Person B
1613,Person B
1614,Person B
1615,Person B
1616,Person B
1617,Person B
1618,Person B
1619,Person B
1620,Person B
1621,Person B
1622,Person B
1623,Person B
1624,Person B
1625,Person B
1626,Person B
1627,Person B
1628,Person B
1629,Person B
1630,Person B
1631,Person B
1632,Person B
1633,Person B
1634,Person B
1635,Person B
1636,Person B
1637,Person B
1638,Person B
1639,Person B
1640,Person B
1641,Person B
1642,Person B
1643,Person B
1644,Person B
1645,Person B
1646,Person B
1647,Person B
1648,Person B
1649,Person B
1650,Person B
1651,Person B
1652,Person B
1653,Person B
1654,Person B
1655,Person B
1656,Person B
1657,Person B
1658,Person B
1659,Person B
1660,Person B
1661,Person B
1662,Person B
1663,Person B
1664,Person B
1665,Person B
1666,Person B
1667,Person B
1668,Person B
1669,Person B
1670,Person B
1671,Person B
1672,Person B
1673,Person B
1674,Person B
1675,Person B
1676,Person B
1677,Person B
1678,Person B
1679,Person B
1680,Person B
1681,Person B
1682,Person B
1683,Person B
1684,Person B
1685,Person B
1686,Person B
1687,Person B
1688,Person B
1689,Person B
1690,Person B
1691,Person B
1692,Person B
1693,Person B
1694,Person B
1695,Person B
1696,Person B
1697,Person B
1698,Person B
1699,Person B
1700,Person B
1701,Person B
1702,Person B
1703,Person B
1704,Person B
1705,Person B
1706,Person B
1707,Person B
1708,Person B
1709,Person B
1710,Person B
1711,Person B
1712,Person B
1713,Person B
1714,Person B
1715,Person B
1716,Person B
1717,Person B
1718,Person B
1719,Person B
1720,Person B
1721,Person B
1722,Person B
1723,Person B
1724,Person B
1725,Person B
1726,Person B
1727,Person B
1728,Person B
1729,Person B
1730,Person B
1731,Person B
1732,Person B
1733,Person B
1734,Person B
1735,Person B
1736,Person B
1737,Person B
1738,Person B
1739,Person B
1740,Person B
1741,Person B
1742,Person B
1743,Person B
1744,Person B
1745,Person B
1746,Person B
1747,Person B
1748,Person B
1749,Person B
1750,Person B
1751,Person B
1752,Person B
1753,Person B
1754,Person B
1755,Person B
1756,Person B
1757,Person B
1758,Person B
1759,Person B
1760,Person B
1761,Person B
1762,Person B
1763,Person B
1764,Person B
1765,Person B
1766,Person B
1767,Person B
1768,Person B
1769,Person B
1770,Person B
1771,Person B
1772,Person B
1773,Person B
1774,Person B
1775,Person B
1776,Person B
1777,Person B
1778,Person B
1779,Person B
1780,Person B
1781,Person B
1782,Person B
1783,Person B
1784,Person B
1785,Person B
1786,Person B
1787,Person B
1788,Person B
1789,Person B
1790,Person B
1791,Person B
1792,Person B
1793,Person B
1794,Person B
1795,Person B
1796,Person B
1797,Person B
1798,Person B
1799,Person B
1800,Person B
1801,Person B
1802,Person B
1803,Person B
1804,Person B
1805,Person B
1806,Person B
1807,Person B
1808,Person B
1809,Person B
1810,Person B
1811,Person B
1812,Person B
1813,Person B
1814,Person B
1815,Person B
1816,Person B
1817,Person B
1818,Person B
1819,Person B
1820,Person B
1821,Person B
1822,Person B
1823,Person B
1824,Person B
1825,Person B
1826,Person B
1827,Person B
1828,Person B
1829,Person B
1830,Person B
1831,Person B
1832,Person B
1833,Person B
1834,Person B
1835,Person B
1836,Person B
1837,Person B
1838,Person B
1839,Person B
1840,Person B
1841,Person B
1842,Person B
1843,Person B
1844,Person B
1845,Person B
1846,Person B
1847,Person B
1848,Person B
1849,Person B
1850,Person B
1851,Person B
1852,Person B
1853,Person B
1854,Person B
1855,Person B
1856,Person B
1857,Person B
1858,Person B
1859,Person B
1860,Person B
1861,Person B
1862,Person B
1863,Person B
1864,Person B
1865,Person B
1866,Person B
1867,Person B
1868,Person B
1869,Person B
1870,Person B
1871,Person B
1872,Person B
1873,Person B
1874,Person B
1875,Person B
1876,Person B
1877,Person B
1878,Person B
1879,Person B
1880,Person B
1881,Person B
1882,Person B
1883,Person B
1884,Person B
1885,Person B
1886,Person B
1887,Person B
1888,Person B
1889,Person B
1890,Person B
1891,Person B
1892,Person B
1893,Person B
1894,Person B
1895,Person B
1896,Person B
1897,Person B
1898,Person B
1899,Person B
1900,Person B
1901,Person B
1902,Person B
1903,Person B
1904,Person B
1905,Person B
1906,Person B
1907,Person B
1908,Person B
1909,Person B
1910,Person B
1911,Person B
1912,Person B
1913,Person B
1914,Person B
1915,Person B
1916,Person B
1917,Person B
1918,Person B
1919,Person B
1920,Person B
1921,Person B
1922,Person B
1923,Person B
1924,Person B
1925,Person B
1926,Person B
1927,Person B
1928,Person B
1929,Person B
1930,Person B
1931,Person B
1932,Person B
1933,Person B
1934,Person B
1935,Person B
1936,Person B
1937,Person B
1938,Person B
1939,Person B
1940,Person B
1941,Person B
1942,Person B
1943,Person B
1944,Person B
1945,Person B
1946,Person B
1947,Person B
1948,Person B
1949,Person B
1950,Person B
1951,Person B
1952,Person B
1953,Person B
1954,Person B
1955,Person B
1956,Person B
1957,Person B
1958,Person B
1959,Person B
1960,Person B
1961,Person B
1962,Person B
1963,Person B
1964,Person B
1965,Person B
1966,Person B
1967,Person B
1968,Person B
1969,Person B
1970,Person B
1971,Person B
1972,Person B
1973,Person B
1974,Person B
1975,Person B
1976,Person B
1977,Person B
1978,Person B
1979,Person B
1980,Person B
1981,Person B
1982,Person B
1983,Person B
1984,Person B
1985,Person B
1986,Person B
1987,Person B
1988,Person B
1989,Person B
1990,Person B
1991,Person B
1992,Person B
1993,Person B
1994,Person B
1995,Person B
1996,Person B
1997,Person B
1998,Person B
1999,Person B
2000,Person B
2001,Person B
2002,Person B
2003,Person B
2004,Person B
2005,Person B
2006,Person B
2007,Person B
2008,Person B
2009,Person B
2010,Person B
2011,Person B
2012,Person B
2013,Person B
2014,Person B
2015,Person B
2016,Person B
2017,Person B
2018,Person B
2019,Person B
2020,Person B
2021,Person B
2022,Person B
2023,Person B
2024,Person B
2025,Person B
2026,Person B
2027,Person B
2028,Person B
2029,Person B
2030,Person B
2031,Person B
2032,Person B
2033,Person B
2034,Person B
2035,Person B
2036,Person B
2037,Person B
2038,Person B
2039,Person B
2040,Person B
2041,Person B
2042,Person B
2043,Person B
2044,Person B
2045,Person B
2046,Person B
2047,Person B
2048,Person B
2049,Person B
2050,Person B
2051,Person B
2052,Person B
2053,Person B
2054,Person B
2055,Person B
2056,Person B
2057,Person B
2058,Person B
2059,Person B
2060,Person B
2061,Person B
2062,Person B
2063,Person B
2064,Person B
2065,Person B
2066,Person B
2067,Person B
2068,Person B
2069,Person B
2070,Person B
2071,Person B
2072,Person B
2073,Person B
2074,Person B
2075,Person B
2076,Person B
2077,Person B
2078,Person B
2079,Person B
2080,Person B
2081,Person B
2082,Person B
2083,Person B
2084,Person B
2085,Person B
2086,Person B
2087,Person B
2088,Person B
2089,Person B
2090,Person B
2091,Person B
2092,Person B
2093,Person B
2094,Person B
2095,Person B
2096,Person B
2097,Person B
2098,Person B
2099,Person B
2100,Person B
2101,Person B
2102,Person B
2103,Person B
2104,Person B
2105,Person B
2106,Person B
2107,Person B
2108,Person B
2109,Person B
2110,Person B
2111,Person B
2112,Person B
2113,Person B
2114,Person B
2115,Person B
2116,Person B
2117,Person B
2118,Person B
2119,Person B
2120,Person B
2121,Person B
2122,Person B
2123,Person B
2124,Person B
2125,Person B
2126,Person B
2127,Person B
2128,Person B
2129,Person B
2130,Person B
2131,Person B
2132,Person B
2133,Person B
2134,Person B
2135,Person B
2136,Person B
2137,Person B
2138,Person B
2139,Person B
2140,Person B
2141,Person B
2142,Person B
2143,Person B
2144,Person B
2145,Person B
2146,Person B
2147,Person B
2148,Person B
2149,Person B
2150,Person B
2151,Person B
2152,Person B
2153,Person B
2154,Person B
2155,Person B
2156,Person B
2157,Person B
2158,Person B
2159,Person B
2160,Person B
2161,Person B
2162,Person B
2163,Person B
2164,Person B
2165,Person B
2166,Person B
2167,Person B
2168,Person B
2169,Person B
2170,Person B
2171,Person B
2172,Person B
2173,Person B
2174,Person B
2175,Person B
2176,Person B
2177,Person B
2178,Person B
2179,Person B
2180,Person B
2181,Person B
2182,Person B
2183,Person B
2184,Person B
2185,Person B
2186,Person B
2187,Person B
2188,Person B
2189,Person B
2190,Person B
2191,Person B
2192,Person B
2193,Person B
2194,Person B
2195,Person B
2196,Person B
2197,Person B
2198,Person B
2199,Person B
2200,Person B
2201,Person B
2202,Person B
2203,Person B
2204,Person B
2205,Person B
2206,Person B
2207,Person B
2208,Person B
2209,Person B
2210,Person B
2211,Person B
2212,Person B
2213,Person B
2214,Person B
2215,Person B
2216,Person B
2217,Person B
2218,Person B
2219,Person B
2220,Person B
2221,Person B
2222,Person B
2223,Person B
2224,Person B
2225,Person B
2226,Person B
2227,Person B
2228,Person B
2229,Person B
2230,Person B
2231,Person B
2232,Person B
2233,Person B
2234,Person B
2235,Person B
2236,Person B
2237,Person B
2238,Person B
2239,Person B
2240,Person B
2241,Person B
2242,Person B
2243,Person B
2244,Person B
2245,Person B
2246,Person B
2247,Person B
2248,Person B
2249,Person B
2250,Person B
2251,Person B
2252,Person B
2253,Person B
2254,Person B
2255,Person B
2256,Person B
2257,Person B
2258,Person B
2259,Person B
2260,Person B
2261,Person B
2262,Person B
2263,Person B
2264,Person B
2265,Person B
2266,Person B
2267,Person B
2268,Person B
2269,Person B
2270,Person B
2271,Person B
2272,Person B
2273,Person B
2274,Person B
2275,Person B
2276,Person B
2277,Person B
2278,Person B
2279,Person B
2280,Person B
2281,Person B
2282,Person B
2283,Person B
2284,Person B
2285,Person B
2286,Person B
2287,Person B
2288,Person B
2289,Person B
2290,Person B
2291,Person B
2292,Person B
2293,Person B
2294,Person B
2295,Person B
2296,Person B
2297,Person B
2298,Person B
2299,Person B
2300,Person B
2301,Person B
2302,Person B
2303,Person B
2304,Person B
2305,Person B
2306,Person B
2307,Person B
2308,Person B
2309,Person B
2310,Person B
2311,Person B
2312,Person B
2313,Person B
2314,Person B
2315,Person B
2316,Person B
2317,Person B
2318,Person B
2319,Person B
2320,Person B
2321,Person B
2322,Person B
2323,Person B
2324,Person B
2325,Person B
2326,Person B
2327,Person B
2328,Person B
2329,Person B
2330,Person B
2331,Person B
2332,Person B
2333,Person B
